tree,accuracy
0,0.6875
1,0.7708333333333334
2,0.7021276595744681
3,0.7021276595744681
4,0.7446808510638298
